Algorithm,Average_Rank,Chi2,p_value
GWO,2.0434782608695654,75.18633540372676,3.5083047578154947e-14
QGWO,3.130434782608696,75.18633540372676,3.5083047578154947e-14
FA,5.3478260869565215,75.18633540372676,3.5083047578154947e-14
QFA,5.478260869565218,75.18633540372676,3.5083047578154947e-14
ACO,4.0,75.18633540372676,3.5083047578154947e-14
QACO,5.826086956521739,75.18633540372676,3.5083047578154947e-14
AQHSO,2.1739130434782608,75.18633540372676,3.5083047578154947e-14
