Algorithm,Average_Rank,Chi2,p_value
GWO,2.6363636363636362,34.79220779220776,1.6553644601735584e-06
QGWO,4.636363636363637,34.79220779220776,1.6553644601735584e-06
FA,1.9090909090909092,34.79220779220776,1.6553644601735584e-06
QFA,5.909090909090909,34.79220779220776,1.6553644601735584e-06
ACO,2.727272727272727,34.79220779220776,1.6553644601735584e-06
QACO,3.1818181818181817,34.79220779220776,1.6553644601735584e-06
